[{
		"no": 0,
		"name": "请选择省",
		"Array": [
			{
				"no": 0,
				"name": "请选择市"
			}
		]
	}, {
		"no": 1,
		"name": "北京市",
		"Array": [
			{
				"no": 37,
				"name": "东城区"
			}, {
				"no": 38,
				"name": "西城区"
			}, {
				"no": 39,
				"name": "崇文区"
			}, {
				"no": 40,
				"name": "宣武区"
			}, {
				"no": 41,
				"name": "朝阳区"
			}, {
				"no": 42,
				"name": "丰台区"
			}, {
				"no": 43,
				"name": "石景山区"
			}, {
				"no": 44,
				"name": "海淀区"
			}, {
				"no": 45,
				"name": "门头沟区"
			}, {
				"no": 46,
				"name": "房山区"
			}, {
				"no": 47,
				"name": "通州区"
			}, {
				"no": 48,
				"name": "顺义区"
			}, {
				"no": 49,
				"name": "昌平区"
			}, {
				"no": 50,
				"name": "大兴区"
			}, {
				"no": 51,
				"name": "怀柔区"
			}, {
				"no": 52,
				"name": "平谷区"
			}, {
				"no": 53,
				"name": "密云县"
			}, {
				"no": 54,
				"name": "延庆县"
			}
		]
	}, {
		"no": 2,
		"name": "天津市",
		"Array": [
			{
				"no": 55,
				"name": "和平区"
			}, {
				"no": 56,
				"name": "河东区"
			}, {
				"no": 57,
				"name": "河西区"
			}, {
				"no": 58,
				"name": "南开区"
			}, {
				"no": 59,
				"name": "河北区"
			}, {
				"no": 60,
				"name": "红桥区"
			}, {
				"no": 61,
				"name": "塘沽区"
			}, {
				"no": 62,
				"name": "汉沽区"
			}, {
				"no": 63,
				"name": "大港区"
			}, {
				"no": 64,
				"name": "东丽区"
			}, {
				"no": 65,
				"name": "西青区"
			}, {
				"no": 66,
				"name": "津南区"
			}, {
				"no": 67,
				"name": "北辰区"
			}, {
				"no": 68,
				"name": "武清区"
			}, {
				"no": 69,
				"name": "宝坻区"
			}, {
				"no": 70,
				"name": "宁河县"
			}, {
				"no": 71,
				"name": "静海县"
			}, {
				"no": 72,
				"name": "蓟县"
			}
		]
	}, {
		"no": 3,
		"name": "河北省",
		"Array": [
			{
				"no": 73,
				"name": "石家庄市"
			}, {
				"no": 74,
				"name": "唐山市"
			}, {
				"no": 75,
				"name": "秦皇岛市"
			}, {
				"no": 76,
				"name": "邯郸市"
			}, {
				"no": 77,
				"name": "邢台市"
			}, {
				"no": 78,
				"name": "保定市"
			}, {
				"no": 79,
				"name": "张家口市"
			}, {
				"no": 80,
				"name": "承德市"
			}, {
				"no": 81,
				"name": "衡水市"
			}, {
				"no": 82,
				"name": "廊坊市"
			}, {
				"no": 83,
				"name": "沧州市"
			}
		]
	}, {
		"no": 4,
		"name": "山西省",
		"Array": [
			{
				"no": 84,
				"name": "太原市"
			}, {
				"no": 85,
				"name": "大同市"
			}, {
				"no": 86,
				"name": "阳泉市"
			}, {
				"no": 87,
				"name": "长治市"
			}, {
				"no": 88,
				"name": "晋城市"
			}, {
				"no": 89,
				"name": "朔州市"
			}, {
				"no": 90,
				"name": "晋中市"
			}, {
				"no": 91,
				"name": "运城市"
			}, {
				"no": 92,
				"name": "忻州市"
			}, {
				"no": 93,
				"name": "临汾市"
			}, {
				"no": 94,
				"name": "吕梁市"
			}
		]
	}, {
		"no": 5,
		"name": "内蒙古自治区",
		"Array": [
			{
				"no": 95,
				"name": "呼和浩特市"
			}, {
				"no": 96,
				"name": "包头市"
			}, {
				"no": 97,
				"name": "乌海市"
			}, {
				"no": 98,
				"name": "赤峰市"
			}, {
				"no": 99,
				"name": "通辽市"
			}, {
				"no": 100,
				"name": "鄂尔多斯市"
			}, {
				"no": 101,
				"name": "呼伦贝尔市"
			}, {
				"no": 102,
				"name": "巴彦淖尔市"
			}, {
				"no": 103,
				"name": "乌兰察布市"
			}, {
				"no": 104,
				"name": "兴安盟"
			}, {
				"no": 105,
				"name": "锡林郭勒盟"
			}, {
				"no": 106,
				"name": "阿拉善盟"
			}
		]
	}, {
		"no": 6,
		"name": "辽宁省",
		"Array": [
			{
				"no": 107,
				"name": "沈阳市"
			}, {
				"no": 108,
				"name": "大连市"
			}, {
				"no": 109,
				"name": "鞍山市"
			}, {
				"no": 110,
				"name": "抚顺市"
			}, {
				"no": 111,
				"name": "本溪市"
			}, {
				"no": 112,
				"name": "丹东市"
			}, {
				"no": 113,
				"name": "锦州市"
			}, {
				"no": 114,
				"name": "营口市"
			}, {
				"no": 115,
				"name": "阜新市"
			}, {
				"no": 116,
				"name": "辽阳市"
			}, {
				"no": 117,
				"name": "盘锦市"
			}, {
				"no": 118,
				"name": "铁岭市"
			}, {
				"no": 119,
				"name": "朝阳市"
			}, {
				"no": 120,
				"name": "葫芦岛市"
			}
		]
	}, {
		"no": 7,
		"name": "吉林省",
		"Array": [
			{
				"no": 121,
				"name": "长春市"
			}, {
				"no": 122,
				"name": "吉林市"
			}, {
				"no": 123,
				"name": "四平市"
			}, {
				"no": 124,
				"name": "辽源市"
			}, {
				"no": 125,
				"name": "通化市"
			}, {
				"no": 126,
				"name": "白山市"
			}, {
				"no": 127,
				"name": "松原市"
			}, {
				"no": 128,
				"name": "白城市"
			}, {
				"no": 129,
				"name": "延边朝鲜族自治州"
			}
		]
	}, {
		"no": 8,
		"name": "黑龙江省",
		"Array": [
			{
				"no": 130,
				"name": "哈尔滨市"
			}, {
				"no": 131,
				"name": "齐齐哈尔市"
			}, {
				"no": 132,
				"name": "鸡西市"
			}, {
				"no": 133,
				"name": "鹤岗市"
			}, {
				"no": 134,
				"name": "双鸭山市"
			}, {
				"no": 135,
				"name": "大庆市"
			}, {
				"no": 136,
				"name": "伊春市"
			}, {
				"no": 137,
				"name": "佳木斯市"
			}, {
				"no": 138,
				"name": "七台河市"
			}, {
				"no": 139,
				"name": "牡丹江市"
			}, {
				"no": 140,
				"name": "黑河市"
			}, {
				"no": 141,
				"name": "绥化市"
			}, {
				"no": 142,
				"name": "大兴安岭地区"
			}
		]
	}, {
		"no": 9,
		"name": "上海市",
		"Array": [
			{
				"no": 143,
				"name": "黄浦区"
			}, {
				"no": 144,
				"name": "卢湾区"
			}, {
				"no": 145,
				"name": "徐汇区"
			}, {
				"no": 146,
				"name": "长宁区"
			}, {
				"no": 147,
				"name": "静安区"
			}, {
				"no": 148,
				"name": "普陀区"
			}, {
				"no": 149,
				"name": "闸北区"
			}, {
				"no": 150,
				"name": "虹口区"
			}, {
				"no": 151,
				"name": "杨浦区"
			}, {
				"no": 152,
				"name": "闵行区"
			}, {
				"no": 153,
				"name": "宝山区"
			}, {
				"no": 154,
				"name": "嘉定区"
			}, {
				"no": 155,
				"name": "浦东新区"
			}, {
				"no": 156,
				"name": "金山区"
			}, {
				"no": 157,
				"name": "松江区"
			}, {
				"no": 158,
				"name": "青浦区"
			}, {
				"no": 159,
				"name": "南汇区"
			}, {
				"no": 160,
				"name": "奉贤区"
			}, {
				"no": 161,
				"name": "崇明县"
			}
		]
	}, {
		"no": 10,
		"name": "江苏省",
		"Array": [
			{
				"no": 162,
				"name": "南京市"
			}, {
				"no": 163,
				"name": "无锡市"
			}, {
				"no": 164,
				"name": "徐州市"
			}, {
				"no": 165,
				"name": "常州市"
			}, {
				"no": 166,
				"name": "苏州市"
			}, {
				"no": 167,
				"name": "南通市"
			}, {
				"no": 168,
				"name": "连云港市"
			}, {
				"no": 169,
				"name": "淮安市"
			}, {
				"no": 170,
				"name": "盐城市"
			}, {
				"no": 171,
				"name": "扬州市"
			}, {
				"no": 172,
				"name": "镇江市"
			}, {
				"no": 173,
				"name": "泰州市"
			}, {
				"no": 174,
				"name": "宿迁市"
			}
		]
	}, {
		"no": 11,
		"name": "浙江省",
		"Array": [
			{
				"no": 175,
				"name": "杭州市"
			}, {
				"no": 176,
				"name": "宁波市"
			}, {
				"no": 177,
				"name": "温州市"
			}, {
				"no": 178,
				"name": "嘉兴市"
			}, {
				"no": 179,
				"name": "湖州市"
			}, {
				"no": 180,
				"name": "绍兴市"
			}, {
				"no": 181,
				"name": "舟山市"
			}, {
				"no": 182,
				"name": "衢州市"
			}, {
				"no": 183,
				"name": "金华市"
			}, {
				"no": 184,
				"name": "台州市"
			}, {
				"no": 185,
				"name": "丽水市"
			}
		]
	}, {
		"no": 12,
		"name": "安徽省",
		"Array": [
			{
				"no": 186,
				"name": "合肥市"
			}, {
				"no": 187,
				"name": "芜湖市"
			}, {
				"no": 188,
				"name": "蚌埠市"
			}, {
				"no": 189,
				"name": "淮南市"
			}, {
				"no": 190,
				"name": "马鞍山市"
			}, {
				"no": 191,
				"name": "淮北市"
			}, {
				"no": 192,
				"name": "铜陵市"
			}, {
				"no": 193,
				"name": "安庆市"
			}, {
				"no": 194,
				"name": "黄山市"
			}, {
				"no": 195,
				"name": "滁州市"
			}, {
				"no": 196,
				"name": "阜阳市"
			}, {
				"no": 197,
				"name": "宿州市"
			}, {
				"no": 198,
				"name": "巢湖市"
			}, {
				"no": 199,
				"name": "六安市"
			}, {
				"no": 200,
				"name": "亳州市"
			}, {
				"no": 201,
				"name": "池州市"
			}, {
				"no": 202,
				"name": "宣城市"
			}
		]
	}, {
		"no": 13,
		"name": "福建省",
		"Array": [
			{
				"no": 203,
				"name": "福州市"
			}, {
				"no": 204,
				"name": "厦门市"
			}, {
				"no": 205,
				"name": "莆田市"
			}, {
				"no": 206,
				"name": "三明市"
			}, {
				"no": 207,
				"name": "泉州市"
			}, {
				"no": 208,
				"name": "漳州市"
			}, {
				"no": 209,
				"name": "南平市"
			}, {
				"no": 210,
				"name": "龙岩市"
			}, {
				"no": 211,
				"name": "宁德市"
			}
		]
	}, {
		"no": 14,
		"name": "江西省",
		"Array": [
			{
				"no": 212,
				"name": "南昌市"
			}, {
				"no": 213,
				"name": "景德镇市"
			}, {
				"no": 214,
				"name": "萍乡市"
			}, {
				"no": 215,
				"name": "九江市"
			}, {
				"no": 216,
				"name": "新余市"
			}, {
				"no": 217,
				"name": "鹰潭市"
			}, {
				"no": 218,
				"name": "赣州市"
			}, {
				"no": 219,
				"name": "吉安市"
			}, {
				"no": 220,
				"name": "宜春市"
			}, {
				"no": 221,
				"name": "抚州市"
			}, {
				"no": 222,
				"name": "上饶市"
			}
		]
	}, {
		"no": 15,
		"name": "山东省",
		"Array": [
			{
				"no": 223,
				"name": "济南市"
			}, {
				"no": 224,
				"name": "青岛市"
			}, {
				"no": 225,
				"name": "淄博市"
			}, {
				"no": 226,
				"name": "枣庄市"
			}, {
				"no": 227,
				"name": "东营市"
			}, {
				"no": 228,
				"name": "烟台市"
			}, {
				"no": 229,
				"name": "潍坊市"
			}, {
				"no": 230,
				"name": "济宁市"
			}, {
				"no": 231,
				"name": "泰安市"
			}, {
				"no": 232,
				"name": "威海市"
			}, {
				"no": 233,
				"name": "日照市"
			}, {
				"no": 234,
				"name": "莱芜市"
			}, {
				"no": 235,
				"name": "临沂市"
			}, {
				"no": 236,
				"name": "德州市"
			}, {
				"no": 237,
				"name": "聊城市"
			}, {
				"no": 238,
				"name": "滨州市"
			}, {
				"no": 239,
				"name": "菏泽市"
			}
		]
	}, {
		"no": 16,
		"name": "河南省",
		"Array": [
			{
				"no": 240,
				"name": "郑州市"
			}, {
				"no": 241,
				"name": "开封市"
			}, {
				"no": 242,
				"name": "洛阳市"
			}, {
				"no": 243,
				"name": "平顶山市"
			}, {
				"no": 244,
				"name": "安阳市"
			}, {
				"no": 245,
				"name": "鹤壁市"
			}, {
				"no": 246,
				"name": "新乡市"
			}, {
				"no": 247,
				"name": "焦作市"
			}, {
				"no": 248,
				"name": "濮阳市"
			}, {
				"no": 249,
				"name": "许昌市"
			}, {
				"no": 250,
				"name": "漯河市"
			}, {
				"no": 251,
				"name": "三门峡市"
			}, {
				"no": 252,
				"name": "南阳市"
			}, {
				"no": 253,
				"name": "商丘市"
			}, {
				"no": 254,
				"name": "信阳市"
			}, {
				"no": 255,
				"name": "周口市"
			}, {
				"no": 256,
				"name": "驻马店市"
			}, {
				"no": 257,
				"name": "济源市"
			}
		]
	}, {
		"no": 17,
		"name": "湖北省",
		"Array": [
			{
				"no": 258,
				"name": "武汉市"
			}, {
				"no": 259,
				"name": "黄石市"
			}, {
				"no": 260,
				"name": "十堰市"
			}, {
				"no": 261,
				"name": "宜昌市"
			}, {
				"no": 262,
				"name": "襄樊市"
			}, {
				"no": 263,
				"name": "鄂州市"
			}, {
				"no": 264,
				"name": "荆门市"
			}, {
				"no": 265,
				"name": "孝感市"
			}, {
				"no": 266,
				"name": "荆州市"
			}, {
				"no": 267,
				"name": "黄冈市"
			}, {
				"no": 268,
				"name": "咸宁市"
			}, {
				"no": 269,
				"name": "随州市"
			}, {
				"no": 270,
				"name": "恩施土家族苗族自治州"
			}, {
				"no": 271,
				"name": "仙桃市"
			}, {
				"no": 272,
				"name": "潜江市"
			}, {
				"no": 273,
				"name": "天门市"
			}, {
				"no": 274,
				"name": "神农架林区"
			}
		]
	}, {
		"no": 18,
		"name": "湖南省",
		"Array": [
			{
				"no": 275,
				"name": "长沙市"
			}, {
				"no": 276,
				"name": "株洲市"
			}, {
				"no": 277,
				"name": "湘潭市"
			}, {
				"no": 278,
				"name": "衡阳市"
			}, {
				"no": 279,
				"name": "邵阳市"
			}, {
				"no": 280,
				"name": "岳阳市"
			}, {
				"no": 281,
				"name": "常德市"
			}, {
				"no": 282,
				"name": "张家界市"
			}, {
				"no": 283,
				"name": "益阳市"
			}, {
				"no": 284,
				"name": "郴州市"
			}, {
				"no": 285,
				"name": "永州市"
			}, {
				"no": 286,
				"name": "怀化市"
			}, {
				"no": 287,
				"name": "娄底市"
			}, {
				"no": 288,
				"name": "湘西土家族苗族自治州"
			}
		]
	}, {
		"no": 19,
		"name": "广东省",
		"Array": [
			{
				"no": 289,
				"name": "广州市"
			}, {
				"no": 290,
				"name": "韶关市"
			}, {
				"no": 291,
				"name": "深圳市"
			}, {
				"no": 292,
				"name": "珠海市"
			}, {
				"no": 293,
				"name": "汕头市"
			}, {
				"no": 294,
				"name": "佛山市"
			}, {
				"no": 295,
				"name": "江门市"
			}, {
				"no": 296,
				"name": "湛江市"
			}, {
				"no": 297,
				"name": "茂名市"
			}, {
				"no": 298,
				"name": "肇庆市"
			}, {
				"no": 299,
				"name": "惠州市"
			}, {
				"no": 300,
				"name": "梅州市"
			}, {
				"no": 301,
				"name": "汕尾市"
			}, {
				"no": 302,
				"name": "河源市"
			}, {
				"no": 303,
				"name": "阳江市"
			}, {
				"no": 304,
				"name": "清远市"
			}, {
				"no": 305,
				"name": "东莞市"
			}, {
				"no": 306,
				"name": "中山市"
			}, {
				"no": 307,
				"name": "潮州市"
			}, {
				"no": 308,
				"name": "揭阳市"
			}, {
				"no": 309,
				"name": "云浮市"
			}
		]
	}, {
		"no": 20,
		"name": "广西壮族自治区",
		"Array": [
			{
				"no": 310,
				"name": "南宁市"
			}, {
				"no": 311,
				"name": "柳州市"
			}, {
				"no": 312,
				"name": "桂林市"
			}, {
				"no": 313,
				"name": "梧州市"
			}, {
				"no": 314,
				"name": "北海市"
			}, {
				"no": 315,
				"name": "防城港市"
			}, {
				"no": 316,
				"name": "钦州市"
			}, {
				"no": 317,
				"name": "贵港市"
			}, {
				"no": 318,
				"name": "玉林市"
			}, {
				"no": 319,
				"name": "百色市"
			}, {
				"no": 320,
				"name": "贺州市"
			}, {
				"no": 321,
				"name": "河池市"
			}, {
				"no": 322,
				"name": "来宾市"
			}, {
				"no": 323,
				"name": "崇左市"
			}
		]
	}, {
		"no": 21,
		"name": "海南省",
		"Array": [
			{
				"no": 324,
				"name": "海口市"
			}, {
				"no": 325,
				"name": "三亚市"
			}, {
				"no": 326,
				"name": "五指山市"
			}, {
				"no": 327,
				"name": "琼海市"
			}, {
				"no": 328,
				"name": "儋州市"
			}, {
				"no": 329,
				"name": "文昌市"
			}, {
				"no": 330,
				"name": "万宁市"
			}, {
				"no": 331,
				"name": "东方市"
			}, {
				"no": 332,
				"name": "定安县"
			}, {
				"no": 333,
				"name": "屯昌县"
			}, {
				"no": 334,
				"name": "澄迈县"
			}, {
				"no": 335,
				"name": "临高县"
			}, {
				"no": 336,
				"name": "白沙黎族自治县"
			}, {
				"no": 337,
				"name": "昌江黎族自治县"
			}, {
				"no": 338,
				"name": "乐东黎族自治县"
			}, {
				"no": 339,
				"name": "陵水黎族自治县"
			}, {
				"no": 340,
				"name": "保亭黎族苗族自治县"
			}, {
				"no": 341,
				"name": "琼中黎族苗族自治县"
			}, {
				"no": 342,
				"name": "西沙群岛"
			}, {
				"no": 343,
				"name": "南沙群岛"
			}, {
				"no": 344,
				"name": "中沙群岛的岛礁及其海域"
			}
		]
	}, {
		"no": 22,
		"name": "重庆市",
		"Array": [
			{
				"no": 345,
				"name": "万州区"
			}, {
				"no": 346,
				"name": "涪陵区"
			}, {
				"no": 347,
				"name": "渝中区"
			}, {
				"no": 348,
				"name": "大渡口区"
			}, {
				"no": 349,
				"name": "江北区"
			}, {
				"no": 350,
				"name": "沙坪坝区"
			}, {
				"no": 351,
				"name": "九龙坡区"
			}, {
				"no": 352,
				"name": "南岸区"
			}, {
				"no": 353,
				"name": "北碚区"
			}, {
				"no": 354,
				"name": "双桥区"
			}, {
				"no": 355,
				"name": "万盛区"
			}, {
				"no": 356,
				"name": "渝北区"
			}, {
				"no": 357,
				"name": "巴南区"
			}, {
				"no": 358,
				"name": "黔江区"
			}, {
				"no": 359,
				"name": "长寿区"
			}, {
				"no": 360,
				"name": "綦江县"
			}, {
				"no": 361,
				"name": "潼南县"
			}, {
				"no": 362,
				"name": "铜梁县"
			}, {
				"no": 363,
				"name": "大足县"
			}, {
				"no": 364,
				"name": "荣昌县"
			}, {
				"no": 365,
				"name": "璧山县"
			}, {
				"no": 366,
				"name": "梁平县"
			}, {
				"no": 367,
				"name": "城口县"
			}, {
				"no": 368,
				"name": "丰都县"
			}, {
				"no": 369,
				"name": "垫江县"
			}, {
				"no": 370,
				"name": "武隆县"
			}, {
				"no": 371,
				"name": "忠县"
			}, {
				"no": 372,
				"name": "开县"
			}, {
				"no": 373,
				"name": "云阳县"
			}, {
				"no": 374,
				"name": "奉节县"
			}, {
				"no": 375,
				"name": "巫山县"
			}, {
				"no": 376,
				"name": "巫溪县"
			}, {
				"no": 377,
				"name": "石柱土家族自治县"
			}, {
				"no": 378,
				"name": "秀山土家族苗族自治县"
			}, {
				"no": 379,
				"name": "酉阳土家族苗族自治县"
			}, {
				"no": 380,
				"name": "彭水苗族土家族自治县"
			}, {
				"no": 381,
				"name": "江津市"
			}, {
				"no": 382,
				"name": "合川市"
			}, {
				"no": 383,
				"name": "永川市"
			}, {
				"no": 384,
				"name": "南川市"
			}
		]
	}, {
		"no": 23,
		"name": "四川省",
		"Array": [
			{
				"no": 385,
				"name": "成都市"
			}, {
				"no": 386,
				"name": "自贡市"
			}, {
				"no": 387,
				"name": "攀枝花市"
			}, {
				"no": 388,
				"name": "泸州市"
			}, {
				"no": 389,
				"name": "德阳市"
			}, {
				"no": 390,
				"name": "绵阳市"
			}, {
				"no": 391,
				"name": "广元市"
			}, {
				"no": 392,
				"name": "遂宁市"
			}, {
				"no": 393,
				"name": "内江市"
			}, {
				"no": 394,
				"name": "乐山市"
			}, {
				"no": 395,
				"name": "南充市"
			}, {
				"no": 396,
				"name": "眉山市"
			}, {
				"no": 397,
				"name": "宜宾市"
			}, {
				"no": 398,
				"name": "广安市"
			}, {
				"no": 399,
				"name": "达州市"
			}, {
				"no": 400,
				"name": "雅安市"
			}, {
				"no": 401,
				"name": "巴中市"
			}, {
				"no": 402,
				"name": "资阳市"
			}, {
				"no": 403,
				"name": "阿坝藏族羌族自治州"
			}, {
				"no": 404,
				"name": "甘孜藏族自治州"
			}, {
				"no": 405,
				"name": "凉山彝族自治州"
			}
		]
	}, {
		"no": 24,
		"name": "贵州省",
		"Array": [
			{
				"no": 406,
				"name": "贵阳市"
			}, {
				"no": 407,
				"name": "六盘水市"
			}, {
				"no": 408,
				"name": "遵义市"
			}, {
				"no": 409,
				"name": "安顺市"
			}, {
				"no": 410,
				"name": "铜仁地区"
			}, {
				"no": 411,
				"name": "黔西南布依族苗族自治州"
			}, {
				"no": 412,
				"name": "毕节地区"
			}, {
				"no": 413,
				"name": "黔东南苗族侗族自治州"
			}, {
				"no": 414,
				"name": "黔南布依族苗族自治州"
			}
		]
	}, {
		"no": 25,
		"name": "云南省",
		"Array": [
			{
				"no": 415,
				"name": "昆明市"
			}, {
				"no": 416,
				"name": "曲靖市"
			}, {
				"no": 417,
				"name": "玉溪市"
			}, {
				"no": 418,
				"name": "保山市"
			}, {
				"no": 419,
				"name": "昭通市"
			}, {
				"no": 420,
				"name": "丽江市"
			}, {
				"no": 421,
				"name": "思茅市"
			}, {
				"no": 422,
				"name": "临沧市"
			}, {
				"no": 423,
				"name": "楚雄彝族自治州"
			}, {
				"no": 424,
				"name": "红河哈尼族彝族自治州"
			}, {
				"no": 425,
				"name": "文山壮族苗族自治州"
			}, {
				"no": 426,
				"name": "西双版纳傣族自治州"
			}, {
				"no": 427,
				"name": "大理白族自治州"
			}, {
				"no": 428,
				"name": "德宏傣族景颇族自治州"
			}, {
				"no": 429,
				"name": "怒江傈僳族自治州"
			}, {
				"no": 430,
				"name": "迪庆藏族自治州"
			}
		]
	}, {
		"no": 26,
		"name": "西藏自治区",
		"Array": [
			{
				"no": 431,
				"name": "拉萨市"
			}, {
				"no": 432,
				"name": "昌都地区"
			}, {
				"no": 433,
				"name": "山南地区"
			}, {
				"no": 434,
				"name": "日喀则地区"
			}, {
				"no": 435,
				"name": "那曲地区"
			}, {
				"no": 436,
				"name": "阿里地区"
			}, {
				"no": 437,
				"name": "林芝地区"
			}
		]
	}, {
		"no": 27,
		"name": "陕西省",
		"Array": [
			{
				"no": 438,
				"name": "西安市"
			}, {
				"no": 439,
				"name": "铜川市"
			}, {
				"no": 440,
				"name": "宝鸡市"
			}, {
				"no": 441,
				"name": "咸阳市"
			}, {
				"no": 442,
				"name": "渭南市"
			}, {
				"no": 443,
				"name": "延安市"
			}, {
				"no": 444,
				"name": "汉中市"
			}, {
				"no": 445,
				"name": "榆林市"
			}, {
				"no": 446,
				"name": "安康市"
			}, {
				"no": 447,
				"name": "商洛市"
			}
		]
	}, {
		"no": 28,
		"name": "甘肃省",
		"Array": [
			{
				"no": 448,
				"name": "兰州市"
			}, {
				"no": 449,
				"name": "嘉峪关市"
			}, {
				"no": 450,
				"name": "金昌市"
			}, {
				"no": 451,
				"name": "白银市"
			}, {
				"no": 452,
				"name": "天水市"
			}, {
				"no": 453,
				"name": "武威市"
			}, {
				"no": 454,
				"name": "张掖市"
			}, {
				"no": 455,
				"name": "平凉市"
			}, {
				"no": 456,
				"name": "酒泉市"
			}, {
				"no": 457,
				"name": "庆阳市"
			}, {
				"no": 458,
				"name": "定西市"
			}, {
				"no": 459,
				"name": "陇南市"
			}, {
				"no": 460,
				"name": "临夏回族自治州"
			}, {
				"no": 461,
				"name": "甘南藏族自治州"
			}
		]
	}, {
		"no": 29,
		"name": "青海省",
		"Array": [
			{
				"no": 462,
				"name": "西宁市"
			}, {
				"no": 463,
				"name": "海东地区"
			}, {
				"no": 464,
				"name": "海北藏族自治州"
			}, {
				"no": 465,
				"name": "黄南藏族自治州"
			}, {
				"no": 466,
				"name": "海南藏族自治州"
			}, {
				"no": 467,
				"name": "果洛藏族自治州"
			}, {
				"no": 468,
				"name": "玉树藏族自治州"
			}, {
				"no": 469,
				"name": "海西蒙古族藏族自治州"
			}
		]
	}, {
		"no": 30,
		"name": "宁夏回族自治区",
		"Array": [
			{
				"no": 470,
				"name": "银川市"
			}, {
				"no": 471,
				"name": "石嘴山市"
			}, {
				"no": 472,
				"name": "吴忠市"
			}, {
				"no": 473,
				"name": "固原市"
			}, {
				"no": 474,
				"name": "中卫市"
			}
		]
	}, {
		"no": 31,
		"name": "新疆维吾尔自治区",
		"Array": [
			{
				"no": 475,
				"name": "乌鲁木齐市"
			}, {
				"no": 476,
				"name": "克拉玛依市"
			}, {
				"no": 477,
				"name": "吐鲁番地区"
			}, {
				"no": 478,
				"name": "哈密地区"
			}, {
				"no": 479,
				"name": "昌吉回族自治州"
			}, {
				"no": 480,
				"name": "博尔塔拉蒙古自治州"
			}, {
				"no": 481,
				"name": "巴音郭楞蒙古自治州"
			}, {
				"no": 482,
				"name": "阿克苏地区"
			}, {
				"no": 483,
				"name": "克孜勒苏柯尔克孜自治州"
			}, {
				"no": 484,
				"name": "喀什地区"
			}, {
				"no": 485,
				"name": "和田地区"
			}, {
				"no": 486,
				"name": "伊犁哈萨克自治州"
			}, {
				"no": 487,
				"name": "塔城地区"
			}, {
				"no": 488,
				"name": "阿勒泰地区"
			}, {
				"no": 489,
				"name": "石河子市"
			}, {
				"no": 490,
				"name": "阿拉尔市"
			}, {
				"no": 491,
				"name": "图木舒克市"
			}, {
				"no": 492,
				"name": "五家渠市"
			}
		]
	}, {
		"no": 32,
		"name": "台湾省",
		"Array": [
			{
				"no": 493,
				"name": "台北市"
			}, {
				"no": 494,
				"name": "高雄市"
			}, {
				"no": 495,
				"name": "基隆市"
			}, {
				"no": 496,
				"name": "台中市"
			}, {
				"no": 497,
				"name": "台南市"
			}, {
				"no": 498,
				"name": "新竹市"
			}, {
				"no": 499,
				"name": "嘉义市"
			}, {
				"no": 500,
				"name": "台北县"
			}, {
				"no": 501,
				"name": "宜兰县"
			}, {
				"no": 502,
				"name": "桃园县"
			}, {
				"no": 503,
				"name": "新竹县"
			}, {
				"no": 504,
				"name": "苗栗县"
			}, {
				"no": 505,
				"name": "台中县"
			}, {
				"no": 506,
				"name": "彰化县"
			}, {
				"no": 507,
				"name": "南投县"
			}, {
				"no": 508,
				"name": "云林县"
			}, {
				"no": 509,
				"name": "嘉义县"
			}, {
				"no": 510,
				"name": "台南县"
			}, {
				"no": 511,
				"name": "高雄县"
			}, {
				"no": 512,
				"name": "屏东县"
			}, {
				"no": 513,
				"name": "澎湖县"
			}, {
				"no": 514,
				"name": "台东县"
			}, {
				"no": 515,
				"name": "花莲县"
			}
		]
	}, {
		"no": 33,
		"name": "香港特别行政区",
		"Array": [
			{
				"no": 516,
				"name": "中西区"
			}, {
				"no": 517,
				"name": "东区"
			}, {
				"no": 518,
				"name": "九龙城区"
			}, {
				"no": 519,
				"name": "观塘区"
			}, {
				"no": 520,
				"name": "南区"
			}, {
				"no": 521,
				"name": "深水埗区"
			}, {
				"no": 522,
				"name": "黄大仙区"
			}, {
				"no": 523,
				"name": "湾仔区"
			}, {
				"no": 524,
				"name": "油尖旺区"
			}, {
				"no": 525,
				"name": "离岛区"
			}, {
				"no": 526,
				"name": "葵青区"
			}, {
				"no": 527,
				"name": "北区"
			}, {
				"no": 528,
				"name": "西贡区"
			}, {
				"no": 529,
				"name": "沙田区"
			}, {
				"no": 530,
				"name": "屯门区"
			}, {
				"no": 531,
				"name": "大埔区"
			}, {
				"no": 532,
				"name": "荃湾区"
			}, {
				"no": 533,
				"name": "元朗区"
			}
		]
	}, {
		"no": 34,
		"name": "澳门特别行政区",
		"Array": {
			"no": 534,
			"name": "澳门特别行政区"
		}
	}, {
		"no": 35,
		"name": "海外",
		"Array": [
			{
				"no": 535,
				"name": "美国"
			}, {
				"no": 536,
				"name": "加拿大"
			}, {
				"no": 537,
				"name": "澳大利亚"
			}, {
				"no": 538,
				"name": "新西兰"
			}, {
				"no": 539,
				"name": "英国"
			}, {
				"no": 540,
				"name": "法国"
			}, {
				"no": 541,
				"name": "德国"
			}, {
				"no": 542,
				"name": "捷克"
			}, {
				"no": 543,
				"name": "荷兰"
			}, {
				"no": 544,
				"name": "瑞士"
			}, {
				"no": 545,
				"name": "希腊"
			}, {
				"no": 546,
				"name": "挪威"
			}, {
				"no": 547,
				"name": "瑞典"
			}, {
				"no": 548,
				"name": "丹麦"
			}, {
				"no": 549,
				"name": "芬兰"
			}, {
				"no": 550,
				"name": "爱尔兰"
			}, {
				"no": 551,
				"name": "奥地利"
			}, {
				"no": 552,
				"name": "意大利"
			}, {
				"no": 553,
				"name": "乌克兰"
			}, {
				"no": 554,
				"name": "俄罗斯"
			}, {
				"no": 555,
				"name": "西班牙"
			}, {
				"no": 556,
				"name": "韩国"
			}, {
				"no": 557,
				"name": "新加坡"
			}, {
				"no": 558,
				"name": "马来西亚"
			}, {
				"no": 559,
				"name": "印度"
			}, {
				"no": 560,
				"name": "泰国"
			}, {
				"no": 561,
				"name": "日本"
			}, {
				"no": 562,
				"name": "巴西"
			}, {
				"no": 563,
				"name": "阿根廷"
			}, {
				"no": 564,
				"name": "南非"
			}, {
				"no": 565,
				"name": "埃及"
			}
		]
	}, {
		"no": 36,
		"name": "其他",
		"Array": {
			"no": 566,
			"name": "其他"
		}
	}
]